{
    "CPUStatus": {
        "count": 4,
        "percent": [
            20.3,
            3.2,
            29.7,
            1.6,
            28.1,
            3.2,
            21.9,
            7.9
        ],
        "processor": "Intel64 Family 6 Model 60 Stepping 3, GenuineIntel",
        "architecture": [
            "64bit",
            "WindowsPE"
        ],
        "time": {
            "system": 2406.0625,
            "user": 5860.374999999999
        }
    },
    "MemoryStatus": {
        "total": 17119154176,
        "used": 9564721152
    },
    "DiskStatus": [
        {
            "name": "C:\\",
            "total": 214749409280,
            "used": 83259662336,
            "free": 131489746944,
            "percent": 38.8
        },
        {
            "name": "D:\\",
            "total": 785452625920,
            "used": 13146230784,
            "free": 772306395136,
            "percent": 1.7
        }
    ],
    "SystemOutput": {
        "system": "Windows",
        "version": "10.0.22000"
    },
    "UserOutput": {
        "MeIP": "192.168.1.157",
        "name": "Xiaosu"
    }
}