{
    "CPUStatus": {
        "time": {
            "system": 959.09375,
            "user": 904.484375
        },
        "count": 4,
        "persent": [
            1.6,
            6.2,
            14.1,
            4.7,
            12.5,
            1.6,
            9.4,
            6.2
        ]
    },
    "MemoryStatus": {
        "total": 17119154176,
        "used": 12765360128
    },
    "DiskStatus": [
        {
            "name": "C:\\",
            "total": 214749409280,
            "used": 52718239744,
            "free": 162031169536,
            "persent": 24.5
        },
        {
            "name": "D:\\",
            "total": 785452625920,
            "used": 9019047936,
            "free": 776433577984,
            "persent": 1.1
        }
    ]
}