{
    "CPUStatus": {
        "time": {
            "system": 10096.34375,
            "user": 30404.265625
        },
        "count": 4,
        "percent": [17.2, 26.6, 28.1, 42.2, 40.6, 15.4, 40.6, 26.6]
    },
    "MemoryStatus": {
        "total": 17119154176,
        "used": 9045827584
    },
    "DiskStatus": [
        {
            "name": "C:\\",
            "total": 214749409280,
            "used": 69582741504,
            "free": 145166667776,
            "persent": 32.4
        },
        {
            "name": "D:\\",
            "total": 785452625920,
            "used": 11931316224,
            "free": 773521309696,
            "persent": 1.5
        }
    ],
    "UserOutput": {
        "MeIP": "192.168.1.157",
        "name": "Xiaosu"
    }
}